name,Private,Apps,Accept,Enroll,Top10perc,Top25perc,F.Undergrad,P.Undergrad,Room.Board,Books,PhD,S.F.Ratio,perc.alumni,Expend,Grad.Rate,state,degree_length,out_of_state_tuition
Alaska Pacific University,True,193,146,55,16,44,249,869,4120,800,76,11.9,2,10922,15,Alaska,4,20830.0
Albright College,True,1038,839,227,30,63,973,306,4400,300,79,11.3,23,11644,80,Pennsylvania,4,45306.0
Amherst College,True,4302,992,418,83,96,1593,5,5300,660,93,8.4,63,21424,100,Massachusetts,4,56426.0
Auburn University-Main Campus,False,7548,6791,3070,25,57,16262,1716,3933,600,85,16.7,18,6642,69,Alabama,4,30524.0
Augustana College,True,761,725,306,21,58,1337,300,3244,600,66,10.4,30,6871,69,Illinois,4,42135.0
Averett College,True,627,556,172,16,40,777,538,4135,750,59,22.4,11,6523,48,Maryland,2,9870.0
Beaver College,True,1163,850,348,23,56,878,519,5400,400,78,12.2,30,8954,73,Georgia,4,13475.0
Beloit College,True,1320,923,284,26,54,1085,81,3616,355,87,11.1,26,12957,69,Wisconsin,4,50040.0
Bemidji State University,False,1208,877,546,12,36,3796,824,2700,660,57,19.6,16,3752,46,Minnesota,4,8696.0
Bennington College,True,519,327,114,25,53,457,2,4100,600,35,10.1,33,16364,55,Vermont,4,54360.0
Berry College,True,1858,1221,480,37,68,1620,49,3940,350,80,16.3,17,10511,63,Georgia,4,36556.0
Blackburn College,True,500,336,156,25,55,421,27,2700,500,76,14.3,53,8377,51,Illinois,4,22410.0
Bowdoin College,True,3356,1019,418,76,100,1490,8,5885,1495,93,11.2,52,20447,96,Maine,4,53922.0
Bradley University,True,3767,3414,1061,30,58,4531,643,4440,2000,75,14.4,21,7671,85,Illinois,4,33760.0
Brandeis University,True,4186,2743,740,48,77,2819,62,6750,410,90,9.8,24,17150,84,Massachusetts,4,55395.0
Brewton-Parker College,True,1436,1228,1202,10,26,1320,822,2370,500,62,12.6,10,4900,18,Georgia,4,18690.0
Bryn Mawr College,True,1465,810,313,71,95,1088,16,6750,500,100,12.3,49,17449,89,Pennsylvania,4,52360.0
California Lutheran University,True,563,247,247,23,52,1427,432,5300,612,72,12.4,17,8985,60,California,4,42693.0
Calvin College,True,1784,1512,913,29,56,3401,136,3710,400,75,14.8,41,7786,81,Michigan,4,34600.0
Canisius College,True,2853,2193,753,16,34,2978,434,5340,400,90,14.6,26,7972,64,New York,4,28488.0
Capital University,True,1747,1382,449,34,66,1662,960,4000,500,64,12.1,27,9557,83,Ohio,4,35466.0
Carleton College,True,2694,1579,489,75,93,1870,12,3957,550,81,10.4,60,17960,91,Minnesota,4,54759.0
Carnegie Mellon University,True,8728,5201,1191,60,89,4265,291,5690,450,86,9.2,31,24386,74,Pennsylvania,4,55465.0
Carroll College,True,1160,991,352,19,55,1357,737,3880,480,74,17.8,25,7666,79,Montana,4,35486.0
Carthage College,True,1616,1427,434,20,43,1405,580,3775,500,74,15.9,22,7364,62,Wisconsin,4,43550.0
Case Western Reserve University,True,3877,3156,713,71,93,3051,513,4730,525,95,2.9,29,19733,67,Ohio,4,49042.0
Castleton State College,False,1257,940,363,9,22,1547,294,4690,400,89,14.7,8,6318,79,Georgia,4,12668.0
Catawba College,True,1083,880,291,13,34,915,80,4100,600,75,13.5,27,8425,55,North Carolina,4,30520.0
Cazenovia College,True,3847,3433,527,9,35,1010,12,4840,600,22,14.3,20,7697,118,New York,4,34630.0
Cedar Crest College,True,776,607,198,25,58,791,764,5285,500,58,11.7,39,10961,74,Pennsylvania,4,39216.0
Centenary College of Louisiana,True,495,434,210,35,55,775,44,3490,600,86,11.3,25,9685,66,Louisiana,4,36580.0
Central Connecticut State University,False,4158,2532,902,6,24,6394,3881,4444,500,69,16.7,4,4900,49,Connecticut,4,21856.0
Central Washington University,False,2785,2011,1007,8,65,6507,898,3603,654,67,18.1,0,6413,51,Washington,4,23053.0
Christendom College,True,81,72,51,33,71,139,3,3600,400,92,9.3,17,10922,58,Virginia,4,26360.0
Christian Brothers University,True,880,520,224,16,42,1068,364,3260,600,81,11.1,24,8129,63,Tennessee,4,32820.0
Christopher Newport University,False,883,766,428,3,37,2910,1749,4750,525,80,21.2,16,4639,48,Virginia,4,27220.0
Claremont McKenna College,True,1860,767,227,71,93,887,1,6010,500,99,9.6,52,18443,87,California,4,54405.0
Clarkson University,True,2174,1953,557,35,68,2332,53,5580,700,95,15.8,32,11659,77,New York,4,49444.0
Colby College,True,2848,1319,456,58,84,1720,35,5590,500,83,10.2,41,15954,91,Maine,4,55210.0
Colgate University,True,4856,2492,727,46,75,2649,25,5565,500,95,10.5,45,15494,93,New York,4,55870.0
College of Mount St. Joseph,True,798,620,238,14,41,1165,1232,4430,400,46,11.1,35,6889,100,Pennsylvania,4,21275.0
College of Saint Benedict,True,938,864,511,29,62,1715,103,4221,500,70,13.1,26,8847,72,Minnesota,4,45264.0
College of Saint Elizabeth,True,444,359,122,34,53,493,968,5250,380,68,11.4,23,9447,78,New Jersey,4,33613.0
College of Saint Rose,True,983,664,249,23,57,1698,894,5666,800,66,14.3,28,6084,64,New York,4,32574.0
College of St. Scholastica,True,672,596,278,29,60,1350,275,3696,450,54,11.6,33,8996,72,Minnesota,4,37212.0
College of Wooster,True,2100,1883,553,29,65,1704,1,4690,500,84,11.1,43,14140,69,Ohio,4,50250.0
Colorado College,True,3207,1577,490,56,87,1892,7,4190,450,85,11.3,51,14664,84,Colorado,4,55470.0
Connecticut College,True,3035,1546,438,42,93,1630,232,6300,600,86,10.7,40,14773,91,Connecticut,4,54820.0
Converse College,True,440,407,149,35,70,643,80,3700,500,63,10.2,31,10965,75,South Carolina,4,18690.0
Cornell College,True,1538,1329,383,33,68,1140,10,4323,550,71,12.2,31,10340,64,Iowa,4,42299.0
Creighton University,True,2967,2836,876,30,60,3450,644,4372,650,85,6.5,32,22906,85,Nebraska,4,39916.0
Culver-Stockton College,True,1576,1110,274,24,55,992,112,3700,400,51,14.1,28,5807,51,Missouri,4,26680.0
Cumberland College,True,995,789,398,26,47,1306,122,3526,400,42,13.0,4,8189,63,New Jersey,2,8700.0
Dartmouth College,True,8587,2273,1087,87,99,3918,32,6070,550,95,4.7,49,29619,98,New Hampshire,4,55453.0
Defiance College,True,571,461,174,10,26,645,283,3670,400,58,12.8,19,7505,56,Ohio,4,32730.0
Dickinson College,True,3014,2539,487,31,68,1889,62,5000,595,87,11.2,39,13861,87,Pennsylvania,4,54661.0
Dillard University,True,1998,1376,651,41,88,1539,45,3650,500,52,14.1,12,7566,61,Louisiana,4,18099.0
Dominican College of Blauvelt,True,360,329,108,4,19,756,863,5500,600,43,12.7,5,5480,54,New York,4,29000.0
Dordt College,True,604,562,328,25,50,1048,56,2650,450,61,12.5,17,7325,87,Iowa,4,30870.0
Earlham College,True,1358,1006,274,35,63,1028,13,4056,600,90,10.6,46,14634,78,Indiana,4,46450.0
Eastern Nazarene College,True,516,409,200,17,40,1238,30,3500,450,58,17.3,17,6430,70,Massachusetts,4,25598.0
Elizabethtown College,True,2417,1843,426,36,70,1476,299,4400,500,65,12.8,25,9815,81,Pennsylvania,4,46940.0
Emory & Henry College,True,765,646,226,30,60,809,32,4408,700,79,13.9,51,8061,82,Virginia,4,35135.0
Emory University,True,8506,4168,1236,76,97,5544,192,6000,600,97,5.0,28,28457,96,Georgia,4,51306.0
Evergreen State College,False,1801,1101,438,14,50,3065,363,4600,600,75,18.1,14,8355,68,Washington,4,26459.0
Fairfield University,True,4784,3346,781,30,66,2984,1037,6200,700,86,15.1,30,11220,94,Connecticut,4,48350.0
Fayetteville State University,False,1455,1064,452,1,16,2632,617,2550,350,75,15.1,10,6972,24,North Carolina,4,16523.0
Ferrum College,True,1339,1107,336,12,36,1051,82,4200,500,53,12.5,9,7967,22,Virginia,4,34175.0
Flagler College,True,1415,714,338,18,52,1345,44,3200,500,52,18.1,9,3930,69,Florida,4,18950.0
Florida State University,False,11651,8683,3023,50,90,18906,3242,4060,600,80,23.1,15,7250,58,Florida,4,21683.0
Fordham University,True,4200,2874,942,30,55,4740,1646,6965,600,86,14.4,14,10864,80,New York,4,52687.0
Fort Lewis College,False,3440,2823,1123,16,35,3793,486,3320,500,89,19.1,6,4362,46,Colorado,4,19696.0
Franciscan University of Steubenville,True,553,452,228,22,49,1301,242,4400,600,57,14.9,8,6336,83,Ohio,4,27630.0
Franklin College,True,804,632,281,29,72,840,68,4040,525,54,12.5,37,11751,60,Indiana,4,32010.0
Franklin Pierce College,True,5187,4471,446,3,14,1818,1197,4630,500,50,17.6,16,6418,51,Washington,2,5112.0
Freed-Hardeman University,True,895,548,314,20,54,1174,50,3340,600,68,16.1,13,6078,62,Tennessee,4,21950.0
Fresno Pacific College,True,346,274,146,51,87,704,63,3670,630,59,10.5,14,8095,54,California,4,15804.0
Gannon University,True,2464,1908,678,24,57,2693,691,4280,500,47,13.3,18,7711,65,Pennsylvania,4,32136.0
Gardner Webb University,True,1110,930,332,18,36,1603,374,4270,500,65,15.2,12,5664,29,North Carolina,4,31220.0
Geneva College,True,668,534,237,19,39,1306,258,4820,500,67,20.1,26,6786,74,Pennsylvania,4,26730.0
Georgetown College,True,727,693,286,30,55,1063,48,3950,550,73,13.3,28,7508,55,Kentucky,4,38650.0
Gettysburg College,True,3596,2466,575,42,78,1944,46,4328,500,94,12.1,32,14720,83,Pennsylvania,4,54480.0
Goldey Beacom College,True,633,468,284,10,27,823,963,2985,531,25,27.6,4,6081,36,Delaware,4,24300.0
Gonzaga University,True,1886,1524,526,31,67,2523,296,4450,600,78,14.7,32,9553,69,Washington,4,43210.0
Goshen College,True,440,396,221,26,51,910,166,3730,600,51,9.9,46,10270,72,Indiana,4,33700.0
Goucher College,True,1151,813,248,40,64,850,80,6174,500,78,9.2,34,16623,77,Maryland,4,44300.0
Green Mountain College,True,780,628,198,7,20,545,42,2700,400,77,14.0,24,6475,76,Vermont,4,37002.0
Greensboro College,True,608,494,176,10,31,649,314,3770,550,64,13.0,31,7949,39,North Carolina,4,29140.0
Grinnell College,True,2039,1389,432,56,91,1333,30,4618,400,88,9.5,54,18979,83,Iowa,4,52392.0
Guilford College,True,1202,1054,326,18,44,1410,299,5160,450,78,15.6,30,9114,65,North Carolina,4,38250.0
Gustavus Adolphus College,True,1709,1385,634,36,72,2281,50,3600,400,79,12.5,58,9907,80,Minnesota,4,45400.0
Hamilton College,True,3140,1783,454,40,82,1646,24,5050,300,91,9.6,60,17761,91,New York,4,54620.0
Hamline University,True,1006,825,328,34,73,1362,102,4194,450,89,13.0,33,10296,65,Minnesota,4,41298.0
Hampden - Sydney College,True,817,644,307,20,40,945,1,4773,660,95,13.3,53,12263,69,Virginia,4,45746.0
Hardin-Simmons University,True,467,424,350,16,40,1365,334,2980,700,75,13.7,10,7054,38,Texas,4,28990.0
Hartwick College,True,2083,1725,430,22,49,1464,67,4780,500,75,12.3,32,11625,73,New York,4,45510.0
Harvey Mudd College,True,1377,572,178,95,100,654,5,6690,700,100,8.2,46,21569,100,California,4,56876.0
Hastings College,True,817,708,262,22,52,935,37,3272,500,57,13.0,17,7335,52,Nebraska,4,30050.0
Hillsdale College,True,920,745,347,35,66,1133,42,4700,400,80,12.0,31,12639,79,Michigan,4,27577.0
Hiram College,True,922,729,244,37,66,1000,275,4560,400,75,10.6,34,12165,79,Ohio,4,34300.0
Hofstra University,True,7428,5860,1349,25,63,6534,1350,5920,1000,81,13.9,10,10093,60,New York,4,46760.0
Hood College,True,699,565,176,36,64,710,399,6040,450,82,14.4,34,12434,72,Maryland,4,39492.0
Hope College,True,1712,1483,624,37,69,2505,208,4341,465,72,12.5,40,9284,72,Michigan,4,34010.0
Houghton College,True,949,786,302,30,70,1210,26,3550,500,85,15.0,24,8187,67,New York,4,32488.0
Huntingdon College,True,608,520,127,26,47,538,126,3920,500,63,11.4,9,7703,44,Alabama,4,27400.0
Huntington College,True,450,430,125,20,46,488,43,3920,300,76,11.8,25,9466,47,Tennessee,2,6635.0
Husson College,True,723,652,361,10,30,951,706,4000,350,36,22.0,4,4923,84,Kansas,2,26900.0
Illinois State University,False,8681,6695,2408,10,35,15701,1823,3403,537,77,21.0,16,5569,54,Illinois,4,26040.0
Illinois Wesleyan University,True,3050,1342,471,55,86,1818,23,4090,400,77,12.9,34,9605,83,Illinois,4,47636.0
Indiana State University,False,5659,4761,3147,10,31,8596,1949,3706,600,72,16.6,8,6996,40,Indiana,4,19836.0
Indiana University at Bloomington,False,16587,13243,5873,25,72,24763,2717,3990,600,77,21.3,24,8686,68,Indiana,4,35456.0
Indiana Wesleyan University,True,735,423,366,20,48,2448,707,3782,700,49,39.8,15,6562,34,Indiana,4,25980.0
Ithaca College,True,7259,5526,1368,23,52,5612,166,6192,634,58,11.5,25,9812,75,New York,4,43978.0
James Madison University,False,11223,5285,2082,32,72,9652,742,4544,500,77,17.9,29,5212,98,Virginia,4,28416.0
Johnson State College,False,833,669,279,3,13,1224,345,4690,500,80,14.4,15,6564,36,Pennsylvania,2,18641.0
Judson College,True,313,228,137,10,30,552,67,4554,500,34,10.6,30,7840,56,Alabama,4,18510.0
Kansas Wesleyan University,True,589,575,148,16,40,474,258,3250,500,63,12.4,14,6535,68,Kansas,4,29500.0
Kentucky Wesleyan College,True,584,497,175,20,49,662,121,4150,500,57,11.3,32,7058,62,Kentucky,4,26440.0
Keuka College,True,461,381,174,10,43,738,55,4550,600,55,13.3,43,7863,51,New York,4,32093.0
Knox College,True,1040,845,286,48,77,967,24,4062,400,88,12.7,33,13224,79,Illinois,4,46554.0
La Roche College,True,361,321,185,10,41,650,819,4782,600,57,14.2,14,7022,52,Pennsylvania,4,28564.0
La Salle University,True,2929,1834,622,20,56,2738,1662,5610,450,90,15.1,9,9084,84,Pennsylvania,4,30560.0
Lafayette College,True,4010,2402,572,36,59,2018,226,5740,600,93,10.5,38,15365,92,Pennsylvania,4,52880.0
Lawrence University,True,1243,947,324,50,77,1129,74,3891,525,76,10.1,57,13965,77,Wisconsin,4,47475.0
Le Moyne College,True,1470,1199,425,21,76,1820,558,4840,400,89,13.3,28,8118,94,New York,4,34625.0
Lebanon Valley College,True,1386,1060,320,28,56,965,502,4755,400,84,12.3,30,8196,85,Pennsylvania,4,43650.0
Lehigh University,True,6397,4304,1092,40,84,4298,132,5580,750,96,12.5,43,14665,91,Pennsylvania,4,52930.0
Lesley College,True,244,198,82,12,33,1134,336,5300,550,71,27.8,18,8694,58,Texas,2,5313.0
LeTourneau University,True,477,417,204,29,54,1532,77,4240,600,58,20.8,23,6863,56,Texas,4,30210.0
Lincoln Memorial University,True,787,562,363,21,55,925,605,2890,600,67,14.6,35,5177,53,Tennessee,4,22010.0
Livingstone College,True,900,473,217,22,47,621,11,3400,800,53,10.4,16,9268,92,North Carolina,4,18297.0
Lock Haven University of Pennsylvania,False,3570,2215,651,17,41,3390,325,3620,225,47,16.1,14,6374,63,Pennsylvania,4,20452.0
Louisiana College,True,2013,1053,212,33,61,912,158,3036,500,64,10.5,11,7547,59,Louisiana,4,17000.0
Louisiana State University at Baton Rouge,False,5996,4993,3079,29,57,16269,3757,2980,600,83,15.9,11,6741,37,Pennsylvania,4,21886.0
Louisiana Tech University,False,2397,2144,1525,22,45,6720,1822,2325,618,66,20.0,13,4546,45,Louisiana,4,18558.0
Loyola Marymount University,True,3768,2662,753,42,64,3558,436,5916,545,84,14.2,10,11677,84,California,4,48522.0
Loyola University Chicago,True,3579,2959,868,25,55,5244,3417,5330,700,94,6.2,15,13009,65,Illinois,4,44048.0
Lycoming College,True,1286,1005,363,16,37,1363,74,4300,500,75,14.0,32,8024,72,Pennsylvania,4,40315.0
Lyndon State College,False,535,502,223,6,20,959,150,4640,500,48,12.6,15,7114,51,Vermont,4,25394.0
Macalester College,True,2939,1496,452,56,86,1723,113,4772,500,85,11.9,37,14213,77,Minnesota,4,54344.0
Manchester College,True,1004,802,239,23,63,909,51,3850,525,63,11.8,20,7940,64,Michigan,4,24218.0
Manhattan College,True,2432,1730,563,20,63,2578,254,6800,500,92,13.6,25,10062,79,New York,4,43480.0
Manhattanville College,True,962,750,212,21,54,830,150,6550,450,97,11.3,24,11291,70,New York,4,38820.0
Mankato State University,False,3073,2672,1547,9,29,9649,1792,2643,450,57,19.0,11,5801,68,Minnesota,4,16235.0
Marist College,True,4731,3171,830,12,31,3557,658,5925,550,74,17.6,34,8408,69,New York,4,39600.0
Marquette University,True,5152,4600,1685,36,71,7016,804,4760,600,86,13.5,25,9982,77,Wisconsin,4,41870.0
Marymount Manhattan College,True,695,535,239,21,30,988,785,7000,350,63,11.7,20,10622,68,New York,4,33778.0
Maryville College,True,1464,888,176,26,52,624,128,4208,500,80,11.1,43,8317,51,Tennessee,4,34880.0
Massachusetts Institute of Technology,True,6411,2140,1078,96,99,4481,28,5975,725,99,10.1,35,33541,94,Massachusetts,4,51832.0
McMurry University,True,578,411,187,25,50,880,477,3452,400,57,11.0,11,6383,32,Texas,4,27244.0
Mercer University,True,2286,1668,564,37,70,2943,1260,4081,400,93,9.2,15,8995,91,Georgia,4,36894.0
Mercyhurst College,True,1557,1074,397,15,40,1805,433,4050,425,45,16.7,29,7307,78,Mississippi,4,9900.0
Merrimack College,True,1981,1541,514,18,36,1927,1084,6200,375,73,16.8,22,8707,80,Massachusetts,4,41760.0
Mesa State College,False,1584,1456,891,6,18,3471,911,3798,540,48,28.8,12,3871,59,Ohio,2,8958.0
Messiah College,True,1742,1382,607,30,64,2258,53,5080,475,68,14.1,30,7762,89,Pennsylvania,4,35160.0
Miami University at Oxford,False,9239,7788,3290,35,39,13606,807,3960,500,81,17.6,20,7846,85,Ohio,4,34895.0
Michigan Technological University,False,2618,2288,1032,42,77,5524,414,3978,900,82,17.0,25,7473,65,Michigan,4,33726.0
Milligan College,True,610,461,189,26,52,685,49,3300,550,63,12.0,16,8128,64,Tennessee,4,33700.0
Millikin University,True,1444,1261,456,29,62,1788,95,4378,450,60,11.4,25,8149,75,Illinois,4,35102.0
Mississippi College,True,594,385,307,36,57,1695,721,2830,600,77,16.5,18,6170,61,Mississippi,4,18026.0
Mississippi University for Women,False,480,405,380,19,46,1673,1014,2217,600,49,15.8,8,5704,63,Mississippi,4,7040.0
Missouri Valley College,True,1310,983,316,5,35,1057,175,5050,400,35,17.4,16,4333,27,Missouri,4,20600.0
Monmouth College,True,2707,1881,478,14,34,1893,847,5290,530,70,14.2,15,9492,54,Illinois,4,37674.0
Montclair State University,False,5220,2128,865,19,53,6411,3186,4834,700,82,21.5,9,6717,58,New Jersey,4,20578.0
Moravian College,True,1232,955,303,23,58,1241,485,4730,550,86,15.2,28,9566,74,Pennsylvania,4,43636.0
Morehouse College,True,3708,1678,722,41,66,2852,153,5490,250,71,17.8,10,8122,83,Georgia,4,27574.0
Morningside College,True,586,533,239,16,36,950,228,3678,500,48,13.0,32,8111,56,Iowa,4,31530.0
Morris College,True,882,730,330,2,13,926,12,2550,850,53,18.6,34,6990,60,South Carolina,4,13886.0
Mount Holyoke College,True,1800,1314,526,47,79,1891,40,5700,750,79,9.0,51,18359,84,Massachusetts,4,49998.0
Mount Marty College,True,279,276,126,17,37,600,435,2980,500,45,11.7,38,5073,44,South Dakota,4,27276.0
Mount Mary College,True,235,217,121,12,32,931,487,3119,550,51,10.7,26,7016,78,Massachusetts,4,35720.0
Mount Mercy College,True,368,317,159,20,49,806,542,3555,500,44,11.3,30,6695,64,New York,4,19042.0
Mount Saint Mary College,True,1170,695,238,14,48,1170,429,4600,250,74,15.3,23,6898,88,New York,4,31118.0
Murray State University,False,2225,1910,1190,29,55,5968,955,3110,700,72,20.2,27,5972,52,Kentucky,4,24540.0
Nazareth College of Rochester,True,947,798,266,36,68,1274,471,5150,550,77,13.6,24,8797,61,New York,4,34280.0
North Carolina Wesleyan College,True,812,689,195,7,24,646,84,4230,600,77,12.7,11,10090,52,North Carolina,4,31000.0
North Park College,True,465,361,176,19,39,879,156,4345,400,76,13.1,24,10889,74,Texas,2,5220.0
Northern Illinois University,False,10706,7219,2397,12,37,14826,1979,3296,470,73,17.3,11,6086,56,Illinois,4,12262.0
Northwest Missouri State University,False,2729,2535,1257,8,29,4787,472,3136,250,62,21.7,23,5284,54,Missouri,4,16457.0
Norwich University,True,1743,1625,626,8,29,1862,382,5270,500,71,13.1,22,9209,63,Vermont,4,40016.0
Notre Dame College,True,379,324,107,15,37,500,311,4900,400,44,12.1,26,4948,33,Ohio,4,30160.0
Occidental College,True,2324,1319,370,52,81,1686,35,5140,558,91,10.5,30,16196,79,California,4,54686.0
Oglethorpe University,True,792,649,186,56,87,769,377,4340,600,91,13.1,27,8568,67,Georgia,4,38100.0
Ohio Northern University,True,2936,2342,669,35,62,2502,66,4080,600,73,14.5,31,9979,83,Ohio,4,32260.0
Oklahoma Baptist University,True,758,681,484,35,59,1707,705,3140,515,63,15.1,18,5511,50,Oklahoma,4,28258.0
Ouachita Baptist University,True,910,773,450,31,73,1310,61,2800,500,63,13.3,10,6413,65,Arkansas,4,26790.0
Our Lady of the Lake University,True,2308,1336,295,22,46,1202,942,3644,616,56,14.9,25,7114,37,Texas,4,28740.0
Pacific Lutheran University,True,1603,1392,504,31,68,2580,302,4488,600,78,11.0,23,9431,83,Washington,4,42066.0
Pacific Union College,True,940,668,385,20,48,1316,139,3825,630,48,12.3,12,9157,69,California,4,30060.0
Pepperdine University,True,3821,2037,680,86,96,2488,625,6770,500,95,11.6,13,16185,66,California,4,53932.0
Peru State College,False,701,501,458,10,40,959,457,2624,500,48,20.1,24,4870,44,Nebraska,4,7482.0
Phillips University,True,692,576,174,19,50,597,83,3860,600,58,11.6,19,8990,39,Virginia,4,39035.0
Piedmont College,True,663,562,127,20,40,641,63,3620,600,89,13.2,17,7309,31,Georgia,4,25920.0
Pitzer College,True,1133,630,220,37,73,750,30,5900,650,100,10.4,11,14820,73,California,4,54056.0
Prairie View A. and M. University,False,2405,2234,1061,10,22,4564,448,3500,598,55,19.4,1,5967,35,Texas,4,24843.0
Presbyterian College,True,1082,832,302,34,63,1133,30,3635,554,80,13.4,42,8354,85,South Carolina,4,38660.0
Princeton University,True,13218,2042,1153,90,98,4540,146,5910,675,91,8.4,54,28320,99,New Jersey,4,49330.0
Providence College,True,5139,3346,973,20,55,3717,1358,6200,450,66,18.4,35,8135,96,Rhode Island,4,50390.0
Purdue University at West Lafayette,False,21804,18744,5874,29,60,26213,4065,3990,570,86,18.2,15,8604,67,Indiana,4,28794.0
Queens College,True,516,392,154,32,62,630,549,4970,610,73,14.0,36,9315,58,New York,4,18608.0
Quincy University,True,1025,707,297,22,66,1070,72,4140,450,69,16.3,32,6880,80,Illinois,4,28462.0
Regis College,True,427,385,143,18,38,581,533,5800,450,81,10.3,37,11758,84,Massachusetts,4,41015.0
Rensselaer Polytechnic Institute,True,4996,4165,936,53,82,4291,16,5976,1230,94,15.4,21,15605,70,New York,4,53880.0
Roanoke College,True,2227,1790,437,27,54,1460,239,4425,450,85,13.0,26,9405,72,Virginia,4,44030.0
Rocky Mountain College,True,560,392,270,11,31,743,118,3362,600,56,11.3,27,6422,68,Montana,4,28512.0
Roger Williams University,True,3304,2804,679,10,20,2111,1489,6050,500,44,16.4,8,7957,61,Rhode Island,4,34522.0
Rollins College,True,1777,1151,382,31,55,1668,1052,5220,955,81,13.3,23,11561,90,Florida,4,49760.0
Sacred Heart University,True,2307,1896,509,19,51,1707,1889,5780,400,71,14.8,16,7120,82,Connecticut,4,41420.0
Saint Ambrose University,True,897,718,276,12,48,1345,390,4020,500,56,14.1,16,7444,70,Iowa,4,30894.0
Saint Anselm College,True,2095,1553,514,15,40,1873,94,5400,450,70,14.5,29,6719,97,New Hampshire,4,41200.0
Saint Cloud State University,False,3971,3306,1921,10,34,11493,2206,2625,350,70,18.9,10,4629,58,Minnesota,4,17146.0
Saint Francis College,True,1046,824,284,21,45,1223,451,5050,400,64,19.3,24,7344,69,New York,4,26188.0
Saint Mary's College,True,888,734,393,26,60,1433,27,4514,500,74,9.9,31,11165,98,Indiana,4,42220.0
Saint Michael's College,True,1910,1380,463,16,64,1715,106,5860,500,79,14.5,34,10190,84,Vermont,4,45375.0
Saint Olaf College,True,2248,1673,745,38,73,2888,105,3750,550,82,10.0,31,12502,83,Minnesota,4,47840.0
Saint Xavier University,True,785,647,295,15,65,1670,726,4624,600,87,13.7,15,8953,55,Illinois,4,33880.0
Santa Clara University,True,4019,2779,888,40,73,3891,128,5928,630,88,13.9,19,10872,100,California,4,51711.0
Sarah Lawrence College,True,1380,768,263,57,82,1000,105,6694,600,89,6.1,18,14779,83,New York,4,55900.0
Savannah Coll. of Art and Design,True,1109,688,386,20,65,1897,208,5000,1200,14,16.1,26,6874,55,Georgia,4,36630.0
Scripps College,True,855,632,139,60,83,569,7,7350,600,95,8.2,41,18372,73,California,4,55024.0
Seattle Pacific University,True,1183,1016,411,42,82,1922,704,4875,600,83,16.8,20,10368,66,Washington,4,42939.0
Seattle University,True,2115,1540,494,28,72,2993,347,4375,500,85,12.2,16,10175,89,Washington,4,44610.0
Simmons College,True,1003,782,295,23,53,1144,160,6950,500,74,8.9,33,14086,79,Massachusetts,4,40800.0
Simpson College,True,1016,872,300,27,57,1116,602,4980,550,66,15.8,36,7411,70,Iowa,4,39144.0
Skidmore College,True,4293,2728,591,25,62,2322,263,5970,500,87,12.7,29,14837,81,New York,4,54420.0
Southeastern Oklahoma State Univ.,False,818,700,447,20,50,2962,651,2619,450,55,19.6,9,4444,53,Oklahoma,4,15390.0
Southwest State University,False,1047,938,511,13,33,2091,546,2750,600,58,16.5,31,6591,51,Minnesota,4,8632.0
Southwestern Adventist College,True,321,318,172,11,27,620,280,3736,430,44,13.0,12,5309,36,Mississippi,4,6550.0
Spalding University,True,283,201,97,10,45,589,263,2800,600,50,10.6,40,6860,89,Kentucky,4,24500.0
Spelman College,True,3713,1237,443,47,83,1971,107,5565,660,73,12.5,18,9988,65,Georgia,4,29314.0
St. Bonaventure University,True,1489,1313,375,13,45,1688,131,4927,500,91,17.7,32,9828,78,New York,4,34301.0
St. Mary's College of California,True,2643,1611,465,36,80,2615,248,6354,630,88,16.1,17,9619,78,California,4,47280.0
St. Mary's College of Maryland,False,1340,695,285,42,73,1315,209,4730,675,84,11.6,23,10357,63,Maryland,4,30568.0
St. Mary's University of San Antonio,True,1243,1020,414,33,60,2149,418,3858,700,82,16.2,7,7651,72,Texas,4,30650.0
St. Norbert College,True,1334,1243,568,30,56,1946,95,4450,425,74,15.1,36,8595,88,Wisconsin,4,38129.0
St. Thomas Aquinas College,True,861,609,215,10,27,1117,815,5700,500,69,16.1,13,6534,67,New York,4,31950.0
Stephens College,True,450,405,194,17,34,614,388,5200,450,46,10.9,17,9995,59,Missouri,4,30950.0
Stevens Institute of Technology,True,1768,1249,380,51,93,1263,11,5680,450,89,19.0,33,12837,79,New Jersey,4,52202.0
SUNY College  at Brockport,False,7294,3564,904,7,34,5758,1363,4460,500,79,19.0,14,6632,49,New York,4,18192.0
SUNY College  at Oswego,False,8000,4556,1464,17,70,6943,869,4810,500,69,22.0,21,5280,63,New York,4,18220.0
SUNY College at Buffalo,False,5318,3515,1025,8,29,7626,2091,4040,550,71,18.7,12,7511,42,New York,4,17990.0
SUNY College at Cortland,False,7888,3519,1036,6,40,5011,346,4680,630,82,17.8,17,5563,53,New York,4,18338.0
SUNY College at Fredonia,False,4877,2798,814,13,48,4123,298,4420,620,82,16.3,10,6442,66,New York,4,18268.0
SUNY College at Geneseo,False,8598,4562,1143,56,93,5060,146,4170,600,79,19.1,25,5716,76,New York,4,18431.0
SUNY College at New Paltz,False,8399,3609,656,19,53,4658,1478,4240,550,85,15.3,8,6608,53,New York,4,18034.0
SUNY College at Plattsburgh,False,5549,3583,853,9,40,5004,475,4176,600,80,17.9,16,6174,65,New York,4,18259.0
SUNY College at Potsdam,False,3150,2289,650,16,51,3598,234,4660,500,71,15.1,17,6436,59,New York,4,18242.0
SUNY College at Purchase,False,2119,1264,390,5,33,2478,1441,4760,1125,80,14.9,8,8170,46,New York,4,18478.0
Susquehanna University,True,2096,1512,465,27,59,1442,166,4710,400,83,13.9,37,10554,90,Pennsylvania,4,47290.0
Sweet Briar College,True,462,402,146,36,68,527,41,6000,500,91,6.5,48,18953,61,Virginia,4,21000.0
Syracuse University,True,10477,7260,2442,28,67,10142,117,6870,635,73,11.3,13,14231,67,New York,4,51853.0
Talladega College,True,4414,1500,335,30,60,908,119,2964,1000,56,15.5,7,5970,46,Alabama,4,12510.0
Taylor University,True,1769,1092,437,41,80,1757,81,4000,450,60,14.2,32,8294,98,Indiana,4,34114.0
Texas Wesleyan University,True,592,501,279,19,44,1204,392,3484,600,80,14.5,10,7936,43,Texas,4,30300.0
The Citadel,False,1500,1242,611,12,36,2024,292,2439,400,95,17.1,17,7744,84,South Carolina,4,36761.0
Thiel College,True,1154,951,253,15,31,791,140,4958,700,68,11.6,16,9186,60,Pennsylvania,4,31700.0
Tiffin University,True,845,734,254,5,21,662,351,3800,600,59,19.0,40,5096,39,Ohio,4,25000.0
Transylvania University,True,759,729,244,57,81,867,51,4450,500,81,12.1,41,10219,70,Kentucky,4,38750.0
Tulane University,True,7033,5125,1223,47,75,4941,1534,5950,350,98,9.1,21,16920,74,Louisiana,4,54820.0
Tusculum College,True,626,372,145,12,34,983,40,3400,450,70,21.9,28,4933,52,Tennessee,4,24860.0
Tuskegee University,True,2267,1827,611,20,59,2825,144,3395,600,70,12.2,7,10872,65,Alabama,4,22170.0
University of California at Berkeley,False,19873,8252,3215,95,100,19532,2061,6246,636,93,15.8,10,13919,78,California,4,43176.0
University of Central Florida,False,6986,2959,1918,25,60,12330,7152,4234,700,80,22.2,9,6742,46,Florida,4,22467.0
University of Connecticut at Storrs,False,9735,7187,2064,23,63,12478,1660,5072,700,89,16.0,16,10178,71,Connecticut,4,38098.0
University of Detroit Mercy,True,927,731,415,24,50,2149,2217,3996,600,72,13.5,14,10891,51,Michigan,4,28000.0
University of Dubuque,True,576,558,137,11,39,662,131,3620,400,85,16.5,18,8767,45,Iowa,4,34110.0
University of Evansville,True,2096,1626,694,35,67,2551,407,4340,700,60,15.8,26,7780,77,Indiana,4,36416.0
University of Hartford,True,5081,4040,1194,11,26,3768,1415,6000,500,61,10.7,9,10625,66,Connecticut,4,40694.0
University of Illinois - Urbana,False,14939,11652,5705,52,88,25422,911,4574,500,87,17.4,13,8559,81,Illinois,4,31664.0
University of Indianapolis,True,1487,1276,388,26,51,1417,1646,4080,525,55,11.1,23,6735,69,Indiana,4,29688.0
University of La Verne,True,1597,969,226,16,38,1431,1522,5050,630,66,14.1,23,10139,47,California,4,43050.0
University of Louisville,False,4777,3057,1823,16,33,9844,6198,3600,530,84,11.1,24,10207,31,Kentucky,4,27278.0
University of Maine at Machias,False,441,369,172,17,45,633,317,3680,600,46,15.1,4,5935,64,Maine,4,15100.0
University of Maine at Presque Isle,False,461,381,235,10,40,974,503,3630,400,67,15.2,11,6408,35,Maine,4,12235.0
University of Massachusetts at Amherst,False,14438,12414,3816,12,39,16282,1940,3897,500,88,16.7,15,10276,68,Massachusetts,4,34755.0
University of Massachusetts at Dartmouth,False,3347,2597,1006,10,37,4664,1630,4500,500,74,15.0,20,7462,56,Massachusetts,4,29141.0
University of Minnesota at Duluth,False,4192,3126,1656,15,45,5887,1254,3474,753,79,19.0,11,6393,53,Minnesota,4,18485.0
University of Minnesota at Morris,False,1458,874,588,56,86,1846,154,3180,600,74,14.6,16,6716,51,Minnesota,4,15342.0
University of Minnesota Twin Cities,False,11054,6397,3524,26,55,16502,21836,3744,714,88,12.2,37,16122,45,Minnesota,4,30371.0
University of Missouri at Columbia,False,6574,4637,2940,32,62,14782,1583,3485,600,87,12.7,15,10145,58,Missouri,4,29025.0
University of Missouri at Saint Louis,False,1618,1141,479,18,54,4793,4552,3964,500,71,13.4,15,6433,48,Missouri,4,27900.0
University of Mobile,True,452,331,269,17,54,1417,301,3680,550,59,16.6,4,5412,52,Alabama,4,22820.0
University of Montevallo,False,1351,892,570,18,78,2385,331,3030,300,72,18.9,8,5883,51,Alabama,4,25780.0
University of Nebraska at Lincoln,False,6277,6003,3526,33,63,16454,3171,3145,500,86,15.1,48,6813,53,Nebraska,4,24949.0
University of North Carolina at Asheville,False,1757,979,394,32,74,2033,1078,3420,600,77,13.0,11,7011,37,North Carolina,4,23868.0
University of North Carolina at Chapel Hill,False,14596,5985,3331,75,92,14609,1100,4200,550,88,8.9,23,15893,83,North Carolina,4,35170.0
University of North Carolina at Charlotte,False,5803,4441,1730,19,62,10099,3255,3109,600,79,16.8,7,6227,62,North Carolina,4,20478.0
University of North Carolina at Wilmington,False,6071,3856,1449,15,67,6635,1145,3680,500,82,19.1,15,6005,55,North Carolina,4,21065.0
University of North Florida,False,1800,1253,560,44,85,3876,3588,4360,600,82,17.8,14,6104,47,Florida,4,20112.0
University of Northern Colorado,False,5530,4007,1697,12,37,8463,1498,4128,540,75,21.5,8,6309,40,Colorado,4,21474.0
University of Northern Iowa,False,4144,3379,1853,18,52,10135,1448,2930,595,78,16.3,26,6333,77,Iowa,4,19480.0
University of Pittsburgh-Main Campus,False,8586,6383,2503,25,59,13138,4289,4560,400,93,7.8,10,13789,66,Pennsylvania,4,32052.0
University of Puget Sound,True,4044,2826,688,51,83,2738,138,4500,630,79,15.0,17,11217,63,Washington,4,49776.0
University of Rhode Island,False,9643,7751,1968,12,40,8894,2456,5558,500,84,16.6,7,9158,63,Rhode Island,4,30862.0
University of Richmond,True,5892,2718,756,46,72,2854,594,3285,700,75,11.7,32,11984,100,Virginia,4,52610.0
University of San Diego,True,3934,2735,886,40,70,3698,217,5940,630,93,15.6,13,10813,66,California,4,49358.0
University of Sci. and Arts of Oklahoma,False,285,280,208,21,43,1140,473,1920,600,67,23.6,3,3864,43,Oklahoma,4,17565.0
University of Scranton,True,4471,2942,910,29,60,3674,493,5986,650,83,14.1,41,9131,92,Pennsylvania,4,44532.0
University of South Carolina at Columbia,False,7693,5815,2328,30,66,12594,3661,3522,495,84,16.9,18,8246,63,South Carolina,4,33298.0
University of Southern Mississippi,False,2850,2044,1046,20,50,9260,1387,2470,500,78,18.7,23,5917,45,Mississippi,4,10734.0
University of Tennessee at Knoxville,False,7473,5372,3013,27,53,15749,3237,3262,750,86,16.5,22,8612,53,Tennessee,4,31196.0
University of Texas at Arlington,False,3281,2559,1448,19,43,10975,8431,2780,500,73,21.0,4,4696,29,Texas,4,25134.0
University of Texas at Austin,False,14752,9572,5329,48,85,30017,5189,3309,650,91,19.7,11,7837,65,Texas,4,37480.0
University of Texas at San Antonio,False,4217,3100,1686,17,46,9375,5457,5376,452,94,25.3,3,4329,50,Texas,4,24262.0
University of the Pacific,True,2459,1997,582,36,66,2664,299,5326,646,87,11.2,14,13706,65,California,4,48040.0
University of Tulsa,True,1712,1557,696,41,68,2936,433,4160,1200,94,11.5,10,11743,47,Oklahoma,4,41509.0
University of West Florida,False,1558,1254,472,20,57,3754,2477,3994,541,83,23.4,12,8488,53,Florida,4,18628.0
University of Wisconsin-Superior,False,910,910,342,14,53,1434,417,2780,550,75,15.2,15,6490,36,Wisconsin,4,15699.0
University of Wisconsin-Whitewater,False,4400,3719,1472,12,38,7804,1552,2500,300,90,23.1,16,5559,67,Wisconsin,4,16265.0
University of Wisconsin at Green Bay,False,2409,1939,759,17,50,3819,1347,2800,475,81,22.2,1,5968,46,Wisconsin,4,15728.0
University of Wisconsin at Madison,False,14901,10932,4631,36,80,23945,2200,4290,535,93,11.5,20,11006,72,Wisconsin,4,36805.0
University of Wisconsin at Milwaukee,False,5244,3782,1930,12,37,11561,7443,2964,570,79,15.9,8,8094,38,Wisconsin,4,22364.0
University of Wyoming,False,2029,1516,1073,23,46,7535,1488,3422,600,91,15.1,13,8745,45,Wyoming,4,17490.0
Upper Iowa University,True,663,452,192,10,35,1481,1160,3060,500,69,17.4,19,3733,78,Iowa,4,30450.0
Ursinus College,True,1399,1026,308,44,77,1131,17,5160,500,82,11.6,40,12082,79,Pennsylvania,4,52050.0
Ursuline College,True,325,260,86,21,47,699,717,4202,450,39,10.5,15,7164,68,Ohio,4,32390.0
Valley City State University,False,368,344,212,5,27,863,189,2570,600,39,14.9,25,4958,40,North Dakota,4,17166.0
Valparaiso University,True,2075,1727,520,49,81,2501,198,3260,500,87,14.2,23,9681,95,Indiana,4,40260.0
Vanderbilt University,True,7791,4690,1499,71,92,5500,90,6525,630,93,5.8,26,23850,83,Tennessee,4,49816.0
Villanova University,True,7759,5588,1477,30,68,6362,1292,6507,400,89,13.4,24,10458,96,Pennsylvania,4,53308.0
Virginia Commonwealth University,False,4963,3497,1567,18,45,10262,5065,4182,500,81,8.7,11,11183,45,Virginia,4,35138.0
Voorhees College,True,1465,1006,188,10,30,703,20,2522,500,43,22.9,3,5861,58,South Carolina,4,12630.0
Wabash College,True,800,623,256,41,76,801,5,4195,500,78,9.9,55,14904,72,Indiana,4,43450.0
Wagner College,True,1416,1015,417,10,44,1324,117,5800,585,67,13.2,23,9006,75,New York,4,47090.0
Wake Forest University,True,5661,2392,903,75,88,3499,172,4360,500,95,4.3,37,41766,89,North Carolina,4,53322.0
Walsh University,True,1092,890,477,27,92,847,497,4180,500,42,11.3,33,5738,68,Ohio,4,29980.0
Warren Wilson College,True,440,311,112,25,49,466,7,3052,400,65,11.4,20,9430,63,North Carolina,4,36280.0
Wartburg College,True,1231,1074,345,34,66,1295,105,3610,400,66,12.4,37,7735,67,Iowa,4,41280.0
Washington State University,False,6540,5839,2440,31,70,14445,1344,4210,800,84,16.9,30,10912,56,Washington,4,26365.0
Wellesley College,True,2895,1249,579,80,96,2195,156,5995,500,94,10.6,51,21409,91,Massachusetts,4,53732.0
Wells College,True,318,240,130,40,85,416,19,5550,600,93,8.3,42,13935,69,New York,4,40700.0
Wentworth Institute of Technology,True,1480,1257,452,6,25,2961,572,6050,850,10,15.4,8,17858,64,Massachusetts,4,33950.0
West Virginia Wesleyan College,True,1566,1400,483,28,55,1509,170,3775,450,58,16.4,42,8080,67,West Virginia,4,31640.0
Western Carolina University,False,3224,2519,1057,11,31,5000,706,2380,110,67,14.6,9,6554,55,North Carolina,4,8220.0
Western New England College,True,1650,1471,409,7,21,1803,1116,5500,498,74,15.4,15,8409,59,New Hampshire,4,37914.0
Westmont College,False,950,713,351,42,72,1276,9,5304,490,77,14.9,17,8837,87,California,4,45304.0
Whitman College,True,1861,998,359,45,77,1220,46,4900,750,80,10.5,51,13198,72,Washington,4,51764.0
Whittier College,True,1681,1069,344,35,63,1235,30,5699,500,84,13.6,29,11778,52,California,4,48086.0
Widener University,True,2139,1492,502,24,64,2186,2171,5370,500,88,12.6,19,9603,63,Pennsylvania,4,45948.0
Wilkes University,True,1631,1431,434,15,36,1803,603,5130,550,78,13.3,24,8543,67,Pennsylvania,4,36194.0
Willamette University,True,1658,1327,395,49,80,1595,159,4620,400,91,13.3,37,10779,68,Oregon,4,50074.0
William Jewell College,True,663,547,315,32,67,1279,75,2970,500,74,11.2,19,7885,59,Missouri,4,34400.0
William Woods University,True,469,435,227,17,39,851,120,4365,550,39,12.9,16,7438,52,Missouri,4,24110.0
Winthrop University,False,2320,1805,769,24,61,3395,670,3392,580,71,12.8,26,6729,59,South Carolina,4,29846.0
Wisconsin Lutheran College,True,152,128,75,17,41,282,22,3700,500,48,8.5,26,8960,50,Wisconsin,4,29725.0
Wittenberg University,True,1979,1739,575,42,68,1980,144,4404,400,82,12.8,29,10414,78,Ohio,4,39500.0
Wofford College,True,1501,935,273,51,83,1059,34,4150,605,91,15.3,42,7875,75,South Carolina,4,43845.0
Worcester Polytechnic Institute,True,2768,2314,682,49,86,2802,86,5370,530,92,15.2,34,10774,82,Massachusetts,4,50530.0
Xavier University of Louisiana,True,2097,1915,695,34,61,2793,166,4200,617,67,14.4,20,8323,49,Louisiana,4,24488.0
